version,roster_players,matched_players,unmatched_players,coverage
v01,1248,577,671,0.4623397435897436
v02,1248,631,617,0.5056089743589743
